{
  "timestamp": "2025-12-29T01:22:44.233305",
  "companies_analyzed": 79,
  "def14a_success_rate": 0.88,
  "form10k_success_rate": 0.81,
  "total_duration": 120.58230729191564
}